group,numid,id,url
Marriage data,188,d. O'Dwyer,https://www.submissionstrategies.com
Marriage data,189,Unknown O'Dwyer-1,https://www.submissionstrategies.com
Marriage data,190,Unknown MacNamara-1,https://www.submissionstrategies.com
Marriage data,191,d. O'Daly,https://www.submissionstrategies.com
Marriage data,192,Unknown O'Daly-1,https://www.submissionstrategies.com
Marriage data,193,Unknown MacNamara-2,https://www.submissionstrategies.com
Marriage data,194,d. Turlough O'Conor,https://www.submissionstrategies.com
Marriage data,195,Turlough O'Conor,https://www.submissionstrategies.com
Marriage data,196,Cathal Oge O'Conor,https://www.submissionstrategies.com
Marriage data,197,Una O'Conor,https://www.submissionstrategies.com
Marriage data,198,Manus mac Cu-Connacht O'Reilly,https://www.submissionstrategies.com
Marriage data,199,Grainne O'Kelly,https://www.submissionstrategies.com
Marriage data,201,Tadhg O'Brien,https://www.submissionstrategies.com
Marriage data,202,Gormlaith O'Donnell,https://www.submissionstrategies.com
Marriage data,203,Unknown O'Donnell-1,https://www.submissionstrategies.com
Marriage data,204,Aedh O'Neill,https://www.submissionstrategies.com
Marriage data,205,Mor O'Conor,https://www.submissionstrategies.com
Marriage data,206,Unknown O'Conor-1,https://www.submissionstrategies.com
Marriage data,207,Unknown O'Farrell-1,https://www.submissionstrategies.com
Marriage data,208,d. Seoinin Burke,https://www.submissionstrategies.com
Marriage data,209,Seoinin Burke,https://www.submissionstrategies.com
Marriage data,210,Donnchadh Carrach O'Kelly,https://www.submissionstrategies.com
Marriage data,211,Aedh mac Turlough O'Conor,https://www.submissionstrategies.com
Marriage data,212,d2. Turlough O'Conor,https://www.submissionstrategies.com
Marriage data,213,Ferghal O'Reilly,https://www.submissionstrategies.com
Marriage data,214,Dubog Maguire,https://www.submissionstrategies.com
Marriage data,215,Aedh Maguire,https://www.submissionstrategies.com
Marriage data,216,Cu-Connacht mac Philip MacMahon,https://www.submissionstrategies.com
Marriage data,217,Fionnghuala O'Malley,https://www.submissionstrategies.com
Marriage data,218,Domhnall Ruadh O'Malley,https://www.submissionstrategies.com
Marriage data,219,Domhnall Cleirach O'Dowda,https://www.submissionstrategies.com
Marriage data,220,Catherine/Lasarina/Catirfina O'Farrell,https://www.submissionstrategies.com
Marriage data,221,Unknown O'Farrell-2,https://www.submissionstrategies.com
Marriage data,222,Unknown O'Reilly-1,https://www.submissionstrategies.com
Marriage data,223,Margaret Burke,https://www.submissionstrategies.com
Marriage data,224,Walter Burke,https://www.submissionstrategies.com
Marriage data,225,Aedh mac Feidlimidh O'Conor,https://www.submissionstrategies.com
Marriage data,226,Derbail O'Donnell,https://www.submissionstrategies.com
Marriage data,227,Unknown O'Donnell-2,https://www.submissionstrategies.com
Marriage data,228,Aedh Ruadh Maguire,https://www.submissionstrategies.com
Marriage data,229,Aiffric O'Reilly,https://www.submissionstrategies.com
Marriage data,230,Brian O'Reilly,https://www.submissionstrategies.com
Marriage data,231,Brian MacTiernan,https://www.submissionstrategies.com
Marriage data,232,d. MacDonough,https://www.submissionstrategies.com
Marriage data,233,Unknown MacDonough-1,https://www.submissionstrategies.com
Marriage data,234,Mulroney O'Dowda,https://www.submissionstrategies.com
Marriage data,235,d. O'Reilly,https://www.submissionstrategies.com
Marriage data,236,Unknown O'Reilly-2,https://www.submissionstrategies.com
Marriage data,237,d. Brian mac Aedh MacMahon,https://www.submissionstrategies.com
Marriage data,238,Brian mac Aedh MacMahon,https://www.submissionstrategies.com
Marriage data,239,Somairle Dubh mac John MacDonald,https://www.submissionstrategies.com
Marriage data,240,Bevin Mageoghegan,https://www.submissionstrategies.com
Marriage data,241,Unknown Mageoghegan-1,https://www.submissionstrategies.com
Marriage data,242,Unknown Sionnach-1,https://www.submissionstrategies.com
Marriage data,243,Derbail MacDermot,https://www.submissionstrategies.com
Marriage data,244,Maelruanaidh MacDermot,https://www.submissionstrategies.com
Marriage data,245,Ualgarg O'Rourke Mor,https://www.submissionstrategies.com
Marriage data,246,Bebinn O'Rourke,https://www.submissionstrategies.com
Marriage data,247,Tomaltagh MacDonough,https://www.submissionstrategies.com
Marriage data,248,Dubchablach O'Reilly,https://www.submissionstrategies.com
Marriage data,249,Philip O'Reilly,https://www.submissionstrategies.com
Marriage data,250,Philip Maguire,https://www.submissionstrategies.com
Marriage data,251,d. Manus MacMahon,https://www.submissionstrategies.com
Marriage data,252,Manus MacMahon,https://www.submissionstrategies.com
Marriage data,253,Gillapatrick MacCawell,https://www.submissionstrategies.com
Marriage data,254,Joanna Cam MacCarthy,https://www.submissionstrategies.com
Marriage data,255,Unknown MacCarthy-1,https://www.submissionstrategies.com
Marriage data,256,Unknown MacNamara-3,https://www.submissionstrategies.com
Marriage data,257,Barrduv O'Rourke,https://www.submissionstrategies.com
Marriage data,258,Unknown O'Rourke-1,https://www.submissionstrategies.com
Marriage data,259,Donnell MacTiernan,https://www.submissionstrategies.com
Marriage data,260,Sabia O'Conor,https://www.submissionstrategies.com
Marriage data,261,Cathal mac Domhnall O'Conor,https://www.submissionstrategies.com
Marriage data,262,Flaherty O'Rourke,https://www.submissionstrategies.com
Marriage data,263,Mor O'Farrell,https://www.submissionstrategies.com
Marriage data,264,Unknown O'Farrell-3,https://www.submissionstrategies.com
Marriage data,265,Diarmait MacRannell,https://www.submissionstrategies.com
Marriage data,266,Dubchablach MacRannell,https://www.submissionstrategies.com
Marriage data,267,Unknown MacRannell-1,https://www.submissionstrategies.com
Marriage data,268,Unknown O'Mulvey-1,https://www.submissionstrategies.com
Marriage data,269,Bebinn O'Dunne,https://www.submissionstrategies.com
Marriage data,270,Donnell O'Dunne,https://www.submissionstrategies.com
Marriage data,271,Unknown O'Dempsey-1,https://www.submissionstrategies.com
Marriage data,272,Finnghuala O'Kelly,https://www.submissionstrategies.com
Marriage data,273,O'Kelly-3,https://www.submissionstrategies.com
Marriage data,274,Unknown Mac William Burke-1,https://www.submissionstrategies.com
Marriage data,275,Aine MacNamara,https://www.submissionstrategies.com
Marriage data,276,Unknown MacNamara-4,https://www.submissionstrategies.com
Marriage data,278,Finola O'Kane,https://www.submissionstrategies.com
Marriage data,279,Cooey O'Kane,https://www.submissionstrategies.com
Marriage data,280,Turlough MacSweeny,https://www.submissionstrategies.com
Marriage data,281,Sabia Burke,https://www.submissionstrategies.com
Marriage data,282,Ulick Burke,https://www.submissionstrategies.com
Marriage data,283,Unknown O'Conor-2,https://www.submissionstrategies.com
Marriage data,284,Duvcovla O'Conor Faly,https://www.submissionstrategies.com
Marriage data,285,Muirchertach O'Conor Faly,https://www.submissionstrategies.com
Marriage data,286,Donnell mac Theobald O'Molloy,https://www.submissionstrategies.com
Marriage data,287,Lasarina O'Duigennan,https://www.submissionstrategies.com
Marriage data,288,Farrell O'Duigennan,https://www.submissionstrategies.com
Marriage data,289,Unknown O'Meehin-1,https://www.submissionstrategies.com
Marriage data,290,Dubchablach MacDermot,https://www.submissionstrategies.com
Marriage data,291,Aedh MacDermot,https://www.submissionstrategies.com
Marriage data,292,Cathal Roe MacRannell,https://www.submissionstrategies.com
Marriage data,293,Lasairfina O'Conor,https://www.submissionstrategies.com
Marriage data,294,Turlough O'Conor-2,https://www.submissionstrategies.com
Marriage data,295,Unknown MacRannell-2,https://www.submissionstrategies.com
Marriage data,296,Raghnailt MacBrady,https://www.submissionstrategies.com
Marriage data,297,Unknown MacBrady-1,https://www.submissionstrategies.com
Marriage data,298,Unknown MacDarcy-1,https://www.submissionstrategies.com
Marriage data,299,Aine MacBrady,https://www.submissionstrategies.com
Marriage data,300,Matthew mac Conor O'Owen,https://www.submissionstrategies.com
Marriage data,301,More O'Madden,https://www.submissionstrategies.com
Marriage data,302,Murrough O'Madden,https://www.submissionstrategies.com
Marriage data,303,Richard Mac William Burke,https://www.submissionstrategies.com
Marriage data,304,Joanna Cam Butler,https://www.submissionstrategies.com
Marriage data,305,James Butler,https://www.submissionstrategies.com
Marriage data,306,Teige O'Carroll,https://www.submissionstrategies.com
Marriage data,307,d. O'Brien,https://www.submissionstrategies.com
Marriage data,308,Unknown O'Brien-1,https://www.submissionstrategies.com
Marriage data,309,Unknown O'Kennedy-1,https://www.submissionstrategies.com
Marriage data,310,Honora Burke,https://www.submissionstrategies.com
Marriage data,311,William Burke,https://www.submissionstrategies.com
Marriage data,312,Unknown O'Meagher-1,https://www.submissionstrategies.com
Marriage data,313,Lucy O'Tully,https://www.submissionstrategies.com
Marriage data,314,Unknown O'Tully-1,https://www.submissionstrategies.com
Marriage data,315,Maurice MacCraith,https://www.submissionstrategies.com
Marriage data,316,Dervorgilla O'Conor,https://www.submissionstrategies.com
Marriage data,317,Unknown O'Conor Roe-1,https://www.submissionstrategies.com
Marriage data,318,Beanmidhe MacMahon,https://www.submissionstrategies.com
Marriage data,319,Unknown MacMahon-1,https://www.submissionstrategies.com
Marriage data,320,Unknown O'Neill-1,https://www.submissionstrategies.com
Marriage data,321,Aine MacDonough,https://www.submissionstrategies.com
Marriage data,322,Unknown MacDonough-2,https://www.submissionstrategies.com
Marriage data,324,d. Mac William Burke,https://www.submissionstrategies.com
Marriage data,325,Unknown Mac William Burke-2,https://www.submissionstrategies.com
Marriage data,326,Unknown O'Farrell-4,https://www.submissionstrategies.com
Marriage data,327,Nualaith O'Farrell,https://www.submissionstrategies.com
Marriage data,329,Thomas mac Cathal O'Farrell,https://www.submissionstrategies.com
Marriage data,330,Sadhb O'Neill,https://www.submissionstrategies.com
Marriage data,331,Unknown Bisset-1,https://www.submissionstrategies.com
Marriage data,332,Affric O'Neill,https://www.submissionstrategies.com
Marriage data,333,Henry Aimreidh O'Neill,https://www.submissionstrategies.com
Marriage data,334,d. Butler,https://www.submissionstrategies.com
Marriage data,335,Gerald Fitzgerald,https://www.submissionstrategies.com
Marriage data,336,Etain O'Flanagan,https://www.submissionstrategies.com
Marriage data,337,Jeffrey O'Flanagan,https://www.submissionstrategies.com
Marriage data,338,William MacBrannan,https://www.submissionstrategies.com
Marriage data,339,Edain O'Conor,https://www.submissionstrategies.com
Marriage data,340,Brian mac Mail-Shechlainn O'Kelly,https://www.submissionstrategies.com
Marriage data,341,Cablaigh Mor,https://www.submissionstrategies.com
Marriage data,342,Niall O'Donnell,https://www.submissionstrategies.com
Marriage data,343,Aedh O'Rourke,https://www.submissionstrategies.com
Marriage data,344,Cathal mac Aedh O'Conor,https://www.submissionstrategies.com
Marriage data,345,Una O'Conor-2,https://www.submissionstrategies.com
Marriage data,346,Tadhg mac Manus O'Conor,https://www.submissionstrategies.com
Marriage data,347,Aedh Maguire-2,https://www.submissionstrategies.com
Marriage data,348,Mary O'Kane,https://www.submissionstrategies.com
Marriage data,349,Unknown O'Kane-1,https://www.submissionstrategies.com
Marriage data,350,Unknown O'Doherty-1,https://www.submissionstrategies.com
Marriage data,351,Finola O'Rourke,https://www.submissionstrategies.com
Marriage data,353,d. Brian O'Farrell,https://www.submissionstrategies.com
Marriage data,354,Brian O'Farrell,https://www.submissionstrategies.com
Marriage data,355,Unknown Sionnach-2,https://www.submissionstrategies.com
Marriage data,356,Finnghuala O'Farrell,https://www.submissionstrategies.com
Marriage data,357,Unknown MacSweeny,https://www.submissionstrategies.com
Marriage data,358,Finnghuala O'Conor,https://www.submissionstrategies.com
Marriage data,359,Mail-Shechlainn O'Kelly,https://www.submissionstrategies.com
Marriage data,360,d. O'Conor Faly,https://www.submissionstrategies.com
Marriage data,363,Nualaith O'Conor,https://www.submissionstrategies.com
Marriage data,365,Farrell mac Conor MacDonough,https://www.submissionstrategies.com
Marriage data,366,d. Donnell O'Brien,https://www.submissionstrategies.com
Marriage data,367,Donnell O'Brien,https://www.submissionstrategies.com
Marriage data,368,Philip mac Mahon O'Kennedy Don,https://www.submissionstrategies.com
Marriage data,369,Margaret MacSweeny,https://www.submissionstrategies.com
Marriage data,370,John mac Donnell O'Donnell,https://www.submissionstrategies.com
Marriage data,371,Sabia O'Brien,https://www.submissionstrategies.com
Marriage data,372,Conor O'Brien,https://www.submissionstrategies.com
Marriage data,373,Walter Burke-2,https://www.submissionstrategies.com
Marriage data,374,Sadhbh MacMurrough,https://www.submissionstrategies.com
Marriage data,377,Benmumhan O'Conor,https://www.submissionstrategies.com
Marriage data,378,Aedh O'Conor,https://www.submissionstrategies.com
Marriage data,379,Murchadh mac Cormac MacDonough,https://www.submissionstrategies.com
Marriage data,380,Caitilin O'Farrell,https://www.submissionstrategies.com
Marriage data,381,Tomaltach O'Farrell,https://www.submissionstrategies.com
Marriage data,382,Maelsechlainn Mor MacOwen,https://www.submissionstrategies.com
Marriage data,383,Joan Fitzgerald,https://www.submissionstrategies.com
Marriage data,385,Sabia O'Rourke,https://www.submissionstrategies.com
Marriage data,386,Edmund mac Thomas O'Farrell,https://www.submissionstrategies.com
Marriage data,387,Catherine/Catirfina MacDonough,https://www.submissionstrategies.com
Marriage data,388,Maelsechlainn mac Maurice MacDonough,https://www.submissionstrategies.com
Marriage data,389,Unknown MacFirbisigh-1,https://www.submissionstrategies.com
Marriage data,390,Bebinn MacDonough,https://www.submissionstrategies.com
Marriage data,391,Ruaidhri mac Tomaltach MacDonough,https://www.submissionstrategies.com
Marriage data,392,Owen mac Donnell O'Conor,https://www.submissionstrategies.com
Marriage data,393,Beanmidhe O'Glennon,https://www.submissionstrategies.com
Marriage data,394,Unknown O'Glennon-1,https://www.submissionstrategies.com
Marriage data,395,Gilla-Tigernaigh MacGillamartin,https://www.submissionstrategies.com
Marriage data,396,Gormlaith O'Neill,https://www.submissionstrategies.com
Marriage data,397,Brian Mor O'Neill,https://www.submissionstrategies.com
Marriage data,398,John O'Donnell,https://www.submissionstrategies.com
Marriage data,399,Una O'Neill,https://www.submissionstrategies.com
Marriage data,400,Donnell O'Neill,https://www.submissionstrategies.com
Marriage data,402,Catirfina O'Rourke,https://www.submissionstrategies.com
Marriage data,403,Cathal O'Rourke,https://www.submissionstrategies.com
Marriage data,404,Turlough MacDonnell,https://www.submissionstrategies.com
Marriage data,405,Ragnailt O'Birn,https://www.submissionstrategies.com
Marriage data,406,Donnchadh O'Birn,https://www.submissionstrategies.com
Marriage data,407,Diarmait MacDermot,https://www.submissionstrategies.com
Marriage data,408,William mac Walter Burke,https://www.submissionstrategies.com
Marriage data,409,Cumscrach MacRannell,https://www.submissionstrategies.com
Marriage data,410,Grainne MacDermot,https://www.submissionstrategies.com
Marriage data,411,Fergal MacDermot,https://www.submissionstrategies.com
Marriage data,412,Unknown MacRannell Dubh-1,https://www.submissionstrategies.com
Marriage data,413,Lasarina O'Conor,https://www.submissionstrategies.com
Marriage data,414,Cathal mac Aedh Breifneach,https://www.submissionstrategies.com
Marriage data,415,Melaghlin mac Flaherty O'Rourke,https://www.submissionstrategies.com
Marriage data,416,Finnguala MacRannell,https://www.submissionstrategies.com
Marriage data,417,Unknown MacRannell-3,https://www.submissionstrategies.com
Marriage data,418,Richard mac Thomas O'Reilly,https://www.submissionstrategies.com
Marriage data,419,Lasarfina O'Hanley,https://www.submissionstrategies.com
Marriage data,421,Murchadh mac Tomas O'Birn,https://www.submissionstrategies.com
Marriage data,422,d. O'Broin,https://www.submissionstrategies.com
Marriage data,423,Unknown O'Broin,https://www.submissionstrategies.com
Marriage data,424,Donnell Finn MacHerbert,https://www.submissionstrategies.com
Marriage data,425,Anabla MacJordan d'Exeter,https://www.submissionstrategies.com
Marriage data,426,Unknown MacJordan d'Exeter-1,https://www.submissionstrategies.com
Marriage data,427,Uilliam mac Maelsechlainn O'Kelly,https://www.submissionstrategies.com
Marriage data,428,Mary Burke,https://www.submissionstrategies.com
Marriage data,429,Unknown Burke,https://www.submissionstrategies.com
Marriage data,430,James(?) Fitzgerald,https://www.submissionstrategies.com
Marriage data,431,Mor O'Durnin,https://www.submissionstrategies.com
Marriage data,432,Unknown O'Durnin,https://www.submissionstrategies.com
Marriage data,433,Tomaltach O'Birn,https://www.submissionstrategies.com
Marriage data,434,Mor O'Brien,https://www.submissionstrategies.com
Marriage data,435,Brian O'Brien,https://www.submissionstrategies.com
Marriage data,436,Walter Burke-3?,https://www.submissionstrategies.com
Marriage data,437,Tadhg O'Carroll-2,https://www.submissionstrategies.com
Marriage data,438,d. Walter Burke,https://www.submissionstrategies.com
Marriage data,439,Conor O'Brien-2,https://www.submissionstrategies.com
Marriage data,440,Ragnailt Dub O'Brien,https://www.submissionstrategies.com
Marriage data,441,Unknown O'Flaherty-1,https://www.submissionstrategies.com
Marriage data,442,Ben Mide O'Conor,https://www.submissionstrategies.com
Marriage data,443,Thomas Barrett,https://www.submissionstrategies.com
Marriage data,444,Gormlaith O'Conor,https://www.submissionstrategies.com
Marriage data,445,Donnell O'Conor,https://www.submissionstrategies.com
Marriage data,446,Una Maguire,https://www.submissionstrategies.com
Marriage data,447,Tadhg O'Rourke,https://www.submissionstrategies.com
Marriage data,448,Aine O'Birn,https://www.submissionstrategies.com
Marriage data,449,Cormac O'Birn,https://www.submissionstrategies.com
Marriage data,450,Geoffrey MacRannell,https://www.submissionstrategies.com
Marriage data,451,Joan MacCawell,https://www.submissionstrategies.com
Marriage data,452,Unknown MacCawell-1,https://www.submissionstrategies.com
Marriage data,453,Maurice Maguire,https://www.submissionstrategies.com
Marriage data,454,Catherine MacMahon,https://www.submissionstrategies.com
Marriage data,455,Ardghal MacMahon,https://www.submissionstrategies.com
Marriage data,456,Eogan mac Niall Og O'Neill,https://www.submissionstrategies.com
Marriage data,457,Grainne O'Neill,https://www.submissionstrategies.com
Marriage data,459,Turlough an Fhiona O'Donnell,https://www.submissionstrategies.com
Marriage data,460,Barrdubh O'Rourke,https://www.submissionstrategies.com
Marriage data,461,Unknown O'Rourke-2,https://www.submissionstrategies.com
Marriage data,462,Eogan O'Reilly,https://www.submissionstrategies.com
Marriage data,463,Aine O'Rourke,https://www.submissionstrategies.com
Marriage data,464,Unknown O'Farrell-5,https://www.submissionstrategies.com
Marriage data,465,Una O'Reilly,https://www.submissionstrategies.com
Marriage data,466,John O'Reilly,https://www.submissionstrategies.com
Marriage data,467,Mathgamain MacCabe,https://www.submissionstrategies.com
Marriage data,468,d. O'Conor Faly-2,https://www.submissionstrategies.com
Marriage data,469,Unknown O'Conor Faly-3,https://www.submissionstrategies.com
Marriage data,470,Unknown O'Donnell-3,https://www.submissionstrategies.com
Marriage data,471,Margaret O'Carroll,https://www.submissionstrategies.com
Marriage data,472,Unknown O'Carroll-1,https://www.submissionstrategies.com
Marriage data,473,Calvagh O'Conor Faly,https://www.submissionstrategies.com
Marriage data,474,Ben Muman MacDermot,https://www.submissionstrategies.com
Marriage data,475,Conor MacDermot,https://www.submissionstrategies.com
Marriage data,476,Sean MacDonough,https://www.submissionstrategies.com
Marriage data,477,Una O'Conor Don,https://www.submissionstrategies.com
Marriage data,479,Brian MacDonough,https://www.submissionstrategies.com
Marriage data,480,Lasarfina MacDonough,https://www.submissionstrategies.com
Marriage data,481,Conor MacDonough,https://www.submissionstrategies.com
Marriage data,482,Cosnamach O'Dowda,https://www.submissionstrategies.com
Marriage data,483,d. MacDonough-2,https://www.submissionstrategies.com
Marriage data,484,Teige MacDonough,https://www.submissionstrategies.com
Marriage data,485,Conor mac Donnell MacDonough,https://www.submissionstrategies.com
Marriage data,486,d. MacOwen,https://www.submissionstrategies.com
Marriage data,487,Unknown MacOwen,https://www.submissionstrategies.com
Marriage data,488,Unknown Maguire-1,https://www.submissionstrategies.com
Marriage data,489,Mor Magauran,https://www.submissionstrategies.com
Marriage data,490,Aedh Magauran,https://www.submissionstrategies.com
Marriage data,491,Mac Brian MacManus,https://www.submissionstrategies.com
Marriage data,492,Finola O'Doherty,https://www.submissionstrategies.com
Marriage data,493,Unknown O'Doherty-2,https://www.submissionstrategies.com
Marriage data,494,Unknown O'Donnell-4,https://www.submissionstrategies.com
Marriage data,495,Catherine Maguire,https://www.submissionstrategies.com
Marriage data,496,Donn mac Cu-Connacht Maguire,https://www.submissionstrategies.com
Marriage data,497,MacManus Maguire,https://www.submissionstrategies.com
Marriage data,498,Dubchablach Maguire,https://www.submissionstrategies.com
Marriage data,499,Thomas Maguire,https://www.submissionstrategies.com
Marriage data,500,Eogan MacCawell,https://www.submissionstrategies.com
Marriage data,501,Finola O'Conor Faly,https://www.submissionstrategies.com
Marriage data,502,Unknown O'Donnell-5,https://www.submissionstrategies.com
Marriage data,503,Aedh Buidhe O'Neill,https://www.submissionstrategies.com
Marriage data,504,Mor Maguire,https://www.submissionstrategies.com
Marriage data,505,Aedh mac Philip Maguire,https://www.submissionstrategies.com
Marriage data,506,Art mac Eogan O'Neill,https://www.submissionstrategies.com
Marriage data,507,Seaan Burke,https://www.submissionstrategies.com
Marriage data,508,Eileog Mac Costello,https://www.submissionstrategies.com
Marriage data,509,John Mac Costello,https://www.submissionstrategies.com
Marriage data,511,Anabla Burke,https://www.submissionstrategies.com
Marriage data,512,Sir Redmond Burke,https://www.submissionstrategies.com
Marriage data,513,d. Mac Wattin Barrett,https://www.submissionstrategies.com
Marriage data,514,Unknown Mac Wattin Barrett-1,https://www.submissionstrategies.com
Marriage data,513,Maolruanaidh O'Dowda-2,https://www.submissionstrategies.com
Marriage data,514,Eudoin O'Conor,https://www.submissionstrategies.com
Marriage data,515,Tadhg Riabhach O'Dowda,https://www.submissionstrategies.com
Marriage data,516,Margaret Burke-2,https://www.submissionstrategies.com
Marriage data,517,William mac Redmond Burke,https://www.submissionstrategies.com
Marriage data,518,Teamhair O'Muirgheasa,https://www.submissionstrategies.com
Marriage data,519,Unknown O'Muirgheasa-1,https://www.submissionstrategies.com
Marriage data,520,Fionnghuala O'Conor,https://www.submissionstrategies.com
Marriage data,521,Manus mac Cathal O'Conor,https://www.submissionstrategies.com
Marriage data,522,d. O'Cathain,https://www.submissionstrategies.com
Marriage data,523,Unknown O'Cathain-1,https://www.submissionstrategies.com
Marriage data,524,Maebh O'Malley,https://www.submissionstrategies.com
Marriage data,525,Aodh O'Dowda,https://www.submissionstrategies.com
Marriage data,526,d. Robin Lawless,https://www.submissionstrategies.com
Marriage data,527,Robin Lawless,https://www.submissionstrategies.com
Marriage data,528,Brian O'Dowda,https://www.submissionstrategies.com
Marriage data,529,Barrdubh O'Conor,https://www.submissionstrategies.com
Marriage data,530,Domhnall O'Conor,https://www.submissionstrategies.com
Marriage data,531,Honora Barrett,https://www.submissionstrategies.com
Marriage data,532,Unknown Mac Wattin Barrett-2,https://www.submissionstrategies.com
